"Timestamp","Account","Host","Reason"
2021-04-14 21:00:50,SENTINEL\Administrator,EC2AMAZ-ORDB47B.sentinel.local,Invalid password
2021-04-14 21:00:50,SENTINEL\Administrator,EC2AMAZ-ORDB47B.sentinel.local,Invalid password
2021-04-14 21:00:50,SENTINEL\Administrator,EC2AMAZ-ORDB47B.sentinel.local,Invalid password
2021-04-14 21:00:50,SENTINEL\Administrator,EC2AMAZ-ORDB47B.sentinel.local,Invalid password
2021-04-14 20:45:00,SENTINEL\Administrator,EC2AMAZ-ORDB47B.sentinel.local,Invalid password
2021-04-14 20:45:00,SENTINEL\Administrator,EC2AMAZ-ORDB47B.sentinel.local,Invalid password
2021-04-14 20:30:01,SENTINEL\Administrator,EC2AMAZ-ORDB47B.sentinel.local,Invalid password
2021-04-14 20:30:01,SENTINEL\Administrator,EC2AMAZ-ORDB47B.sentinel.local,Invalid password
2021-04-14 20:00:50,SENTINEL\Administrator,EC2AMAZ-ORDB47B.sentinel.local,Invalid password
2021-04-14 20:00:50,SENTINEL\Administrator,EC2AMAZ-ORDB47B.sentinel.local,Invalid password
2021-04-14 20:00:50,SENTINEL\Administrator,EC2AMAZ-ORDB47B.sentinel.local,Invalid password
2021-04-14 20:00:50,SENTINEL\Administrator,EC2AMAZ-ORDB47B.sentinel.local,Invalid password
2021-04-14 19:45:00,SENTINEL\Administrator,EC2AMAZ-ORDB47B.sentinel.local,Invalid password
2021-04-14 19:45:00,SENTINEL\Administrator,EC2AMAZ-ORDB47B.sentinel.local,Invalid password
2021-04-14 19:30:01,SENTINEL\Administrator,EC2AMAZ-ORDB47B.sentinel.local,Invalid password
2021-04-14 19:30:01,SENTINEL\Administrator,EC2AMAZ-ORDB47B.sentinel.local,Invalid password
2021-04-14 19:00:50,SENTINEL\Administrator,EC2AMAZ-ORDB47B.sentinel.local,Invalid password
2021-04-14 19:00:50,SENTINEL\Administrator,EC2AMAZ-ORDB47B.sentinel.local,Invalid password
2021-04-14 19:00:50,SENTINEL\Administrator,EC2AMAZ-ORDB47B.sentinel.local,Invalid password
2021-04-14 19:00:50,SENTINEL\Administrator,EC2AMAZ-ORDB47B.sentinel.local,Invalid password
2021-04-14 18:45:00,SENTINEL\Administrator,EC2AMAZ-ORDB47B.sentinel.local,Invalid password
2021-04-14 18:45:00,SENTINEL\Administrator,EC2AMAZ-ORDB47B.sentinel.local,Invalid password
2021-04-14 18:30:01,SENTINEL\Administrator,EC2AMAZ-ORDB47B.sentinel.local,Invalid password
2021-04-14 18:30:01,SENTINEL\Administrator,EC2AMAZ-ORDB47B.sentinel.local,Invalid password
2021-04-14 18:00:50,SENTINEL\Administrator,EC2AMAZ-ORDB47B.sentinel.local,Invalid password
2021-04-14 18:00:50,SENTINEL\Administrator,EC2AMAZ-ORDB47B.sentinel.local,Invalid password
2021-04-14 18:00:50,SENTINEL\Administrator,EC2AMAZ-ORDB47B.sentinel.local,Invalid password
2021-04-14 18:00:50,SENTINEL\Administrator,EC2AMAZ-ORDB47B.sentinel.local,Invalid password
2021-04-14 17:45:00,SENTINEL\Administrator,EC2AMAZ-ORDB47B.sentinel.local,Invalid password
2021-04-14 17:45:00,SENTINEL\Administrator,EC2AMAZ-ORDB47B.sentinel.local,Invalid password
2021-04-14 17:30:01,SENTINEL\Administrator,EC2AMAZ-ORDB47B.sentinel.local,Invalid password
2021-04-14 17:30:01,SENTINEL\Administrator,EC2AMAZ-ORDB47B.sentinel.local,Invalid password
2021-04-14 17:00:50,SENTINEL\Administrator,EC2AMAZ-ORDB47B.sentinel.local,Invalid password
2021-04-14 17:00:50,SENTINEL\Administrator,EC2AMAZ-ORDB47B.sentinel.local,Invalid password
2021-04-14 17:00:50,SENTINEL\Administrator,EC2AMAZ-ORDB47B.sentinel.local,Invalid password
2021-04-14 17:00:50,SENTINEL\Administrator,EC2AMAZ-ORDB47B.sentinel.local,Invalid password
2021-04-14 16:45:00,SENTINEL\Administrator,EC2AMAZ-ORDB47B.sentinel.local,Invalid password
2021-04-14 16:45:00,SENTINEL\Administrator,EC2AMAZ-ORDB47B.sentinel.local,Invalid password
2021-04-14 16:30:01,SENTINEL\Administrator,EC2AMAZ-ORDB47B.sentinel.local,Invalid password
2021-04-14 16:30:01,SENTINEL\Administrator,EC2AMAZ-ORDB47B.sentinel.local,Invalid password
2021-04-14 16:00:50,SENTINEL\Administrator,EC2AMAZ-ORDB47B.sentinel.local,Invalid password
2021-04-14 16:00:50,SENTINEL\Administrator,EC2AMAZ-ORDB47B.sentinel.local,Invalid password
2021-04-14 16:00:50,SENTINEL\Administrator,EC2AMAZ-ORDB47B.sentinel.local,Invalid password
2021-04-14 16:00:50,SENTINEL\Administrator,EC2AMAZ-ORDB47B.sentinel.local,Invalid password
2021-04-14 15:43:00,SENTINEL\Administrator,EC2AMAZ-ORDB47B.sentinel.local,Invalid password
2021-04-14 15:43:00,SENTINEL\Administrator,EC2AMAZ-ORDB47B.sentinel.local,Invalid password
2021-04-14 15:42:53,SENTINEL\Administrator,EC2AMAZ-ORDB47B.sentinel.local,Invalid password
2021-04-14 15:42:53,SENTINEL\Administrator,EC2AMAZ-ORDB47B.sentinel.local,Invalid password
2021-04-14 15:31:56,SENTINEL\Administrator,EC2AMAZ-ORDB47B.sentinel.local,Invalid password
2021-04-14 15:31:56,SENTINEL\Administrator,EC2AMAZ-ORDB47B.sentinel.local,Invalid password
2021-04-14 15:31:55,SENTINEL\Administrator,EC2AMAZ-ORDB47B.sentinel.local,Invalid password
2021-04-14 15:31:55,SENTINEL\Administrator,EC2AMAZ-ORDB47B.sentinel.local,Invalid password
2021-04-14 15:31:42,SENTINEL\Administrator,EC2AMAZ-ORDB47B.sentinel.local,Invalid password
2021-04-14 15:31:42,SENTINEL\Administrator,EC2AMAZ-ORDB47B.sentinel.local,Invalid password
2021-04-14 15:30:01,SENTINEL\Administrator,EC2AMAZ-ORDB47B.sentinel.local,Invalid password
2021-04-14 15:30:01,SENTINEL\Administrator,EC2AMAZ-ORDB47B.sentinel.local,Invalid password
2021-04-14 15:00:50,SENTINEL\Administrator,EC2AMAZ-ORDB47B.sentinel.local,Invalid password
2021-04-14 15:00:50,SENTINEL\Administrator,EC2AMAZ-ORDB47B.sentinel.local,Invalid password
2021-04-14 15:00:50,SENTINEL\Administrator,EC2AMAZ-ORDB47B.sentinel.local,Invalid password
2021-04-14 15:00:50,SENTINEL\Administrator,EC2AMAZ-ORDB47B.sentinel.local,Invalid password
2021-04-14 14:38:36,SENTINEL\Administrator,EC2AMAZ-ORDB47B.sentinel.local,Invalid password
2021-04-14 14:38:36,SENTINEL\Administrator,EC2AMAZ-ORDB47B.sentinel.local,Invalid password
2021-04-14 14:38:36,SENTINEL\Administrator,EC2AMAZ-ORDB47B.sentinel.local,Invalid password
2021-04-14 14:38:36,SENTINEL\Administrator,EC2AMAZ-ORDB47B.sentinel.local,Invalid password
2021-04-14 14:38:36,SENTINEL\Administrator,EC2AMAZ-ORDB47B.sentinel.local,Invalid password
2021-04-14 14:38:36,SENTINEL\Administrator,EC2AMAZ-ORDB47B.sentinel.local,Invalid password
2021-04-14 14:38:36,SENTINEL\Administrator,EC2AMAZ-ORDB47B.sentinel.local,Invalid password
2021-04-14 14:38:36,SENTINEL\Administrator,EC2AMAZ-ORDB47B.sentinel.local,Invalid password
2021-04-14 14:38:36,SENTINEL\Administrator,EC2AMAZ-ORDB47B.sentinel.local,Invalid password
2021-04-14 14:38:36,SENTINEL\Administrator,EC2AMAZ-ORDB47B.sentinel.local,Invalid password
2021-04-14 14:38:35,SENTINEL\Administrator,EC2AMAZ-ORDB47B.sentinel.local,Invalid password
2021-04-14 14:38:35,SENTINEL\Administrator,EC2AMAZ-ORDB47B.sentinel.local,Invalid password
2021-04-14 14:30:01,SENTINEL\Administrator,EC2AMAZ-ORDB47B.sentinel.local,Invalid password
2021-04-14 14:30:01,SENTINEL\Administrator,EC2AMAZ-ORDB47B.sentinel.local,Invalid password
2021-04-14 14:00:50,SENTINEL\Administrator,EC2AMAZ-ORDB47B.sentinel.local,Invalid password
2021-04-14 14:00:50,SENTINEL\Administrator,EC2AMAZ-ORDB47B.sentinel.local,Invalid password
2021-04-14 14:00:50,SENTINEL\Administrator,EC2AMAZ-ORDB47B.sentinel.local,Invalid password
2021-04-14 14:00:50,SENTINEL\Administrator,EC2AMAZ-ORDB47B.sentinel.local,Invalid password
2021-04-14 13:30:01,SENTINEL\Administrator,EC2AMAZ-ORDB47B.sentinel.local,Invalid password
2021-04-14 13:30:01,SENTINEL\Administrator,EC2AMAZ-ORDB47B.sentinel.local,Invalid password
2021-04-14 13:00:50,SENTINEL\Administrator,EC2AMAZ-ORDB47B.sentinel.local,Invalid password
2021-04-14 13:00:50,SENTINEL\Administrator,EC2AMAZ-ORDB47B.sentinel.local,Invalid password
2021-04-14 13:00:50,SENTINEL\Administrator,EC2AMAZ-ORDB47B.sentinel.local,Invalid password
2021-04-14 13:00:50,SENTINEL\Administrator,EC2AMAZ-ORDB47B.sentinel.local,Invalid password
2021-04-14 12:30:01,SENTINEL\Administrator,EC2AMAZ-ORDB47B.sentinel.local,Invalid password
2021-04-14 12:30:01,SENTINEL\Administrator,EC2AMAZ-ORDB47B.sentinel.local,Invalid password
2021-04-14 12:00:50,SENTINEL\Administrator,EC2AMAZ-ORDB47B.sentinel.local,Invalid password
2021-04-14 12:00:50,SENTINEL\Administrator,EC2AMAZ-ORDB47B.sentinel.local,Invalid password
2021-04-14 12:00:50,SENTINEL\Administrator,EC2AMAZ-ORDB47B.sentinel.local,Invalid password
2021-04-14 12:00:50,SENTINEL\Administrator,EC2AMAZ-ORDB47B.sentinel.local,Invalid password
2021-04-14 11:30:00,SENTINEL\Administrator,EC2AMAZ-ORDB47B.sentinel.local,Invalid password
2021-04-14 11:30:00,SENTINEL\Administrator,EC2AMAZ-ORDB47B.sentinel.local,Invalid password
2021-04-14 11:00:50,SENTINEL\Administrator,EC2AMAZ-ORDB47B.sentinel.local,Invalid password
2021-04-14 11:00:50,SENTINEL\Administrator,EC2AMAZ-ORDB47B.sentinel.local,Invalid password
2021-04-14 11:00:50,SENTINEL\Administrator,EC2AMAZ-ORDB47B.sentinel.local,Invalid password
2021-04-14 11:00:50,SENTINEL\Administrator,EC2AMAZ-ORDB47B.sentinel.local,Invalid password
2021-04-14 10:00:50,SENTINEL\Administrator,EC2AMAZ-ORDB47B.sentinel.local,Invalid password
2021-04-14 10:00:50,SENTINEL\Administrator,EC2AMAZ-ORDB47B.sentinel.local,Invalid password
2021-04-14 10:00:50,SENTINEL\Administrator,EC2AMAZ-ORDB47B.sentinel.local,Invalid password
2021-04-14 10:00:50,SENTINEL\Administrator,EC2AMAZ-ORDB47B.sentinel.local,Invalid password
2021-04-14 09:00:50,SENTINEL\Administrator,EC2AMAZ-ORDB47B.sentinel.local,Invalid password
2021-04-14 09:00:50,SENTINEL\Administrator,EC2AMAZ-ORDB47B.sentinel.local,Invalid password
2021-04-14 09:00:50,SENTINEL\Administrator,EC2AMAZ-ORDB47B.sentinel.local,Invalid password
2021-04-14 09:00:50,SENTINEL\Administrator,EC2AMAZ-ORDB47B.sentinel.local,Invalid password
2021-04-14 08:00:50,SENTINEL\Administrator,EC2AMAZ-ORDB47B.sentinel.local,Invalid password
2021-04-14 08:00:50,SENTINEL\Administrator,EC2AMAZ-ORDB47B.sentinel.local,Invalid password
2021-04-14 08:00:50,SENTINEL\Administrator,EC2AMAZ-ORDB47B.sentinel.local,Invalid password
2021-04-14 08:00:50,SENTINEL\Administrator,EC2AMAZ-ORDB47B.sentinel.local,Invalid password
2021-04-14 08:00:50,SENTINEL\Administrator,EC2AMAZ-ORDB47B.sentinel.local,Invalid password
2021-04-14 08:00:50,SENTINEL\Administrator,EC2AMAZ-ORDB47B.sentinel.local,Invalid password
2021-04-14 08:00:50,SENTINEL\Administrator,EC2AMAZ-ORDB47B.sentinel.local,Invalid password
2021-04-14 08:00:50,SENTINEL\Administrator,EC2AMAZ-ORDB47B.sentinel.local,Invalid password
2021-04-14 08:00:50,SENTINEL\Administrator,EC2AMAZ-ORDB47B.sentinel.local,Invalid password
2021-04-14 08:00:50,SENTINEL\Administrator,EC2AMAZ-ORDB47B.sentinel.local,Invalid password
2021-04-14 08:00:50,SENTINEL\Administrator,EC2AMAZ-ORDB47B.sentinel.local,Invalid password
2021-04-14 08:00:50,SENTINEL\Administrator,EC2AMAZ-ORDB47B.sentinel.local,Invalid password